"id","role_id","permission_id","granted_at","granted_by"
"00c42d0b-cfd3-42b1-b52d-9f544e2401b0","583bd455-db37-43e5-a626-a4305144e7b4","9fb75690-63da-469b-8e1e-1ef29a84de94","2025-08-02 18:16:34.932+01",NULL
"00e22cb3-a4a3-402b-b07b-6220c2d166a7","9dc4b696-19fc-49e7-9d4d-d74432d2cf74","77d38fb6-cb59-4df3-b7d5-65f741030330","2025-07-31 06:13:50.68+01",NULL
"031687d9-1493-411c-b7e4-0cc810539056","9dc4b696-19fc-49e7-9d4d-d74432d2cf74","a6f598e1-f6da-4768-a2b6-1a6bb134c73d","2025-07-31 06:13:50.68+01",NULL
"0644e477-f24a-4fb1-897a-7235dd017b7f","9dc4b696-19fc-49e7-9d4d-d74432d2cf74","23477590-0378-431e-9122-ebbd78bbde10","2025-07-31 06:13:50.68+01",NULL
"081f49ef-c615-4ec7-b386-04a9d3f5b8ca","26da9755-59bc-43d5-93c0-6d8a96878f09","8200be89-87a1-4b5c-b031-b865d56424cb","2025-08-08 19:36:28.782+01",NULL
"0b78c64f-9120-4613-bb73-9c2af2c8c993","9dc4b696-19fc-49e7-9d4d-d74432d2cf74","370fc43c-1cb1-4bbb-be77-9c106efef484","2025-07-31 06:13:50.68+01",NULL
"10ecee2c-9622-4ac5-aa62-a2dec7d274e7","26da9755-59bc-43d5-93c0-6d8a96878f09","51c06227-2a0c-4836-8aa9-1ca3d80436e3","2025-08-08 19:36:28.782+01",NULL
"11187144-0a49-4b3d-bd76-24ca6956988d","9dc4b696-19fc-49e7-9d4d-d74432d2cf74","e7ba654a-1ffe-4c29-b21c-80b5420ab8fe","2025-07-31 06:13:50.68+01",NULL
"118a9834-2d30-4090-87e9-4e2a8a2287cf","583bd455-db37-43e5-a626-a4305144e7b4","3a1c536a-6c57-4ad7-840c-760b97ae553f","2025-08-02 18:16:34.932+01",NULL
"1997abd9-7878-4afa-9b25-09a7eae196ed","9dc4b696-19fc-49e7-9d4d-d74432d2cf74","8200be89-87a1-4b5c-b031-b865d56424cb","2025-07-31 06:13:50.68+01",NULL
"1a6292ae-5b77-4ace-a18f-c94a0c6428f3","583bd455-db37-43e5-a626-a4305144e7b4","c42f8e7c-8b97-416a-94c0-6c44568eccb7","2025-08-02 18:16:34.932+01",NULL
"1bdea2c6-0898-4f31-8829-3142092ee7f9","26da9755-59bc-43d5-93c0-6d8a96878f09","5a8977ad-87a9-4113-aed1-15957b6ec5b5","2025-08-08 19:36:28.782+01",NULL
"1f36524e-7f8b-4d97-a26a-2e2322c88509","26da9755-59bc-43d5-93c0-6d8a96878f09","6128d6cf-93c5-4547-9e0c-16879697d03f","2025-08-08 19:36:28.782+01",NULL
"20e1885a-7a98-46c0-95ec-caf9e2b862ec","26da9755-59bc-43d5-93c0-6d8a96878f09","f68b27c2-2d5b-45f2-ae14-5d69a3a312a2","2025-08-08 19:36:28.782+01",NULL
"2119c6bf-23b4-40ac-a9bf-848cf6cd8203","583bd455-db37-43e5-a626-a4305144e7b4","b2b85b18-ab7f-485d-875d-3d02d1836c5f","2025-08-02 18:16:34.932+01",NULL
"2166dbe0-4354-4a43-bc3a-4d2c0340101c","26da9755-59bc-43d5-93c0-6d8a96878f09","c42f8e7c-8b97-416a-94c0-6c44568eccb7","2025-08-08 19:36:28.782+01",NULL
"244df0a1-ca43-4a40-ab06-dfd2f28d002f","7fbecf54-0c46-405d-8f26-8d0c134e3fd6","65a4343d-8c1e-47d9-81a5-e23d2b35dd63","2025-08-08 18:57:49.311+01",NULL
"267d12bc-a271-471e-b783-845310696a8e","26da9755-59bc-43d5-93c0-6d8a96878f09","eaabbfb0-b80d-465e-bcdd-d8115b3f942a","2025-08-08 19:36:28.782+01",NULL
"2752d51c-1846-41ca-8b37-d6f173ee0608","583bd455-db37-43e5-a626-a4305144e7b4","f38d983e-1ec1-4a4a-bfa3-220dd3b61d4a","2025-08-02 18:16:34.932+01",NULL
"2960bbc9-acc1-49eb-b133-e9b1f5f0987f","26da9755-59bc-43d5-93c0-6d8a96878f09","c67c1dd9-6c9d-4719-bf39-214a47c8b3e3","2025-08-08 19:36:28.782+01",NULL
"2a84c848-392e-4605-8100-84ff87f35e52","26da9755-59bc-43d5-93c0-6d8a96878f09","65a4343d-8c1e-47d9-81a5-e23d2b35dd63","2025-08-08 19:36:28.782+01",NULL
"2aa69b9f-e23f-465b-a6c3-5c45e96c84f1","583bd455-db37-43e5-a626-a4305144e7b4","81938305-7893-44ac-977a-961ddcba265a","2025-08-08 03:56:24.057039+01","3b02fc2a-dbd0-425a-b2cc-690b5ccbf7fb"
"2b141359-f1ca-485b-98a4-37ee33bc8461","26da9755-59bc-43d5-93c0-6d8a96878f09","23477590-0378-431e-9122-ebbd78bbde10","2025-08-08 19:36:28.782+01",NULL
"2f17c8d3-053f-4442-9f48-cd2ed5d93633","583bd455-db37-43e5-a626-a4305144e7b4","eaabbfb0-b80d-465e-bcdd-d8115b3f942a","2025-08-02 18:16:34.932+01",NULL
"30293531-0612-41ab-ba51-ecee38d4a2cb","583bd455-db37-43e5-a626-a4305144e7b4","9560537b-8c22-4ad4-ad3a-703293c91260","2025-08-02 18:16:34.932+01",NULL
"3ba2879d-ab72-47f8-a384-2e101afc377e","583bd455-db37-43e5-a626-a4305144e7b4","b97a66dd-6b21-49a2-b07a-469548bfc208","2025-08-02 18:16:34.932+01",NULL
"3e1a5d57-d2fc-47d0-addc-e7f0f9a442e1","9dc4b696-19fc-49e7-9d4d-d74432d2cf74","51c06227-2a0c-4836-8aa9-1ca3d80436e3","2025-07-31 06:13:50.68+01",NULL
"3fa788b2-e445-43bd-ad7f-06009af66562","26da9755-59bc-43d5-93c0-6d8a96878f09","3a661a57-04be-42e6-81f5-f14bcb393f0c","2025-08-08 19:36:28.782+01",NULL
"40ab1cfe-eaa1-4e62-8bb2-ef337dddfedd","26da9755-59bc-43d5-93c0-6d8a96878f09","7d2a07a8-1d3f-4fb3-8098-b41cd8e7f0dd","2025-08-08 19:36:28.782+01",NULL
"41d3abc8-8916-450d-af35-5f1f46222fdf","26da9755-59bc-43d5-93c0-6d8a96878f09","9fb75690-63da-469b-8e1e-1ef29a84de94","2025-08-08 19:36:28.782+01",NULL
"44ed8050-bc9e-413d-a889-f8f183d29de4","583bd455-db37-43e5-a626-a4305144e7b4","8fff3cde-31b0-4ab6-8940-e8443d87ecb8","2025-08-02 18:16:34.932+01",NULL
"48376d39-fe8f-44f4-a23a-418a48cd3eae","26da9755-59bc-43d5-93c0-6d8a96878f09","6f05c0f4-522b-44e8-97b5-2c303888e990","2025-08-08 19:36:28.782+01",NULL
"48ec1d17-47e3-4df0-857e-cad76488f9f1","583bd455-db37-43e5-a626-a4305144e7b4","98fd2fb7-e476-4fcb-8673-3d76ee0cb4f0","2025-08-02 18:16:34.932+01",NULL
"4994f956-64cd-4c56-8cc2-2e5b8628b760","9dc4b696-19fc-49e7-9d4d-d74432d2cf74","8fff3cde-31b0-4ab6-8940-e8443d87ecb8","2025-07-31 06:13:50.68+01",NULL
"4c75055d-b1de-4acd-ab33-e8a6ce76ae2c","26da9755-59bc-43d5-93c0-6d8a96878f09","98405ad3-ada8-4a2e-aa21-9416d05b5541","2025-08-08 19:36:28.782+01",NULL
"4d6d1bc2-38fd-4ebe-aa66-01e119fbe703","26da9755-59bc-43d5-93c0-6d8a96878f09","320990e9-146c-4406-966b-c85644835723","2025-08-08 19:36:28.782+01",NULL
"4da41904-4f30-4a43-b2c5-852b3f0cd332","26da9755-59bc-43d5-93c0-6d8a96878f09","870798b4-c693-4461-a060-8b6b164280da","2025-08-08 19:36:28.782+01",NULL
"50f3b4d8-c5aa-41bb-8e47-8043a0cb0f9c","9dc4b696-19fc-49e7-9d4d-d74432d2cf74","cea1513a-a70b-46ce-9dcf-506e52e723ba","2025-07-31 06:13:50.68+01",NULL
"518ed614-4762-463b-a228-d0b35f4a4f02","9dc4b696-19fc-49e7-9d4d-d74432d2cf74","32fae31e-bfb8-428b-b4e2-ea8bed62a752","2025-07-31 06:13:50.68+01",NULL
"559a10be-2605-4187-bb18-7e70c6a28906","583bd455-db37-43e5-a626-a4305144e7b4","6128d6cf-93c5-4547-9e0c-16879697d03f","2025-08-02 18:16:34.932+01",NULL
"55b678bb-3bf4-4f15-9c01-10be97ff600f","26da9755-59bc-43d5-93c0-6d8a96878f09","a24940d9-4979-443a-9a2a-e6b5ac029d82","2025-08-08 19:36:28.782+01",NULL
"58bc1440-7f70-45d7-bb94-b44089c863f9","26da9755-59bc-43d5-93c0-6d8a96878f09","c87d662b-5ab4-4dde-b1aa-af75c8e581fd","2025-08-08 19:36:28.782+01",NULL
"597a7c9b-798a-46bd-9fbb-a9776d04ef8d","26da9755-59bc-43d5-93c0-6d8a96878f09","3a1c536a-6c57-4ad7-840c-760b97ae553f","2025-08-08 19:36:28.782+01",NULL
"5be1aaa8-e19b-407a-8087-2065c30af005","26da9755-59bc-43d5-93c0-6d8a96878f09","63768226-fc74-425c-9e11-2285e2a3d51d","2025-08-08 19:36:28.782+01",NULL
"5c7cde5b-0f7c-4b27-a0dc-a20ccecdd593","583bd455-db37-43e5-a626-a4305144e7b4","ed009b99-f1c6-4c20-8833-20504f2752a2","2025-08-02 18:16:34.932+01",NULL
"6110dac1-76fd-4436-adcc-bbf586ac4b59","583bd455-db37-43e5-a626-a4305144e7b4","32fae31e-bfb8-428b-b4e2-ea8bed62a752","2025-08-02 18:16:34.932+01",NULL
"6152f248-190e-4102-b3e5-637eceed02cc","26da9755-59bc-43d5-93c0-6d8a96878f09","a6f598e1-f6da-4768-a2b6-1a6bb134c73d","2025-08-08 19:36:28.782+01",NULL
"6324d667-569c-45c7-8776-e01a53edee39","26da9755-59bc-43d5-93c0-6d8a96878f09","e21b9376-03ba-4651-93b1-7a3a908b0d40","2025-08-08 19:36:28.782+01",NULL
"64f1b772-b5ee-404e-a95c-aabff53b6e87","26da9755-59bc-43d5-93c0-6d8a96878f09","093e0609-be1d-4952-bf7d-94ebec1a2e4b","2025-08-08 19:36:28.782+01",NULL
"6613e36d-5c30-48b6-933d-dbfc669ad91a","583bd455-db37-43e5-a626-a4305144e7b4","c8b5d1ae-197e-4e1e-a5e0-57f078e6c371","2025-08-02 18:16:34.932+01",NULL
"6995a7f3-df60-4dcd-87f6-177ae5fa73c4","583bd455-db37-43e5-a626-a4305144e7b4","1a492cc2-b91a-49fa-aa38-81764a9cc948","2025-08-02 18:16:34.932+01",NULL
"6a3e2946-3fab-475a-a3eb-5ccb7966b21f","583bd455-db37-43e5-a626-a4305144e7b4","cea1513a-a70b-46ce-9dcf-506e52e723ba","2025-08-02 18:16:34.932+01",NULL
"6a5388b4-425c-4dda-8a5e-4e011d4b674b","583bd455-db37-43e5-a626-a4305144e7b4","ed37e647-2977-4e47-88fb-0d19d5cdb393","2025-08-02 18:16:34.932+01",NULL
"6c0f10fd-efbc-42e2-a9d9-8f0b6df02212","583bd455-db37-43e5-a626-a4305144e7b4","77d38fb6-cb59-4df3-b7d5-65f741030330","2025-08-02 18:16:34.932+01",NULL
"6d433953-0fbd-47a7-9de6-4877637940e4","583bd455-db37-43e5-a626-a4305144e7b4","1d4f63e2-02ed-44d1-b307-4b4b621925d9","2025-08-02 18:16:34.932+01",NULL
"6e5b1041-a4e5-4096-9c96-e5188956f6f2","26da9755-59bc-43d5-93c0-6d8a96878f09","cea1513a-a70b-46ce-9dcf-506e52e723ba","2025-08-08 19:36:28.782+01",NULL
"6ef74bb6-1b0e-4561-ab7d-b6b6a5353021","9dc4b696-19fc-49e7-9d4d-d74432d2cf74","79c124dd-371c-448d-a8d1-54a9a43b67d4","2025-07-31 06:13:50.68+01",NULL
"73d80408-a7f1-4626-958f-934fae8f8ca4","583bd455-db37-43e5-a626-a4305144e7b4","3a661a57-04be-42e6-81f5-f14bcb393f0c","2025-08-02 18:16:34.932+01",NULL
"745d8fee-27cb-4701-a688-619d2cca9c8d","26da9755-59bc-43d5-93c0-6d8a96878f09","c8b5d1ae-197e-4e1e-a5e0-57f078e6c371","2025-08-08 19:36:28.782+01",NULL
"760901da-b4e4-43e6-84b7-6946c82f8157","583bd455-db37-43e5-a626-a4305144e7b4","c87d662b-5ab4-4dde-b1aa-af75c8e581fd","2025-08-02 18:16:34.932+01",NULL
"77cfbb26-7e69-4343-9e6f-6fddca293e3e","9dc4b696-19fc-49e7-9d4d-d74432d2cf74","eaabbfb0-b80d-465e-bcdd-d8115b3f942a","2025-07-31 06:13:50.68+01",NULL
"79427ce7-7634-464e-95aa-87ec2f246afe","26da9755-59bc-43d5-93c0-6d8a96878f09","1a492cc2-b91a-49fa-aa38-81764a9cc948","2025-08-08 19:36:28.782+01",NULL
"7c257cb0-4e7e-4345-9ee3-ebb3829592c7","583bd455-db37-43e5-a626-a4305144e7b4","5a8977ad-87a9-4113-aed1-15957b6ec5b5","2025-08-02 18:16:34.932+01",NULL
"7f09c95f-d9c3-4afa-acb9-9cbdaa4fc1d5","583bd455-db37-43e5-a626-a4305144e7b4","e7ba654a-1ffe-4c29-b21c-80b5420ab8fe","2025-08-02 18:16:34.932+01",NULL
"8254eaa0-db14-40b6-b1f3-7ac649624cf8","9dc4b696-19fc-49e7-9d4d-d74432d2cf74","1d4f63e2-02ed-44d1-b307-4b4b621925d9","2025-07-31 06:13:50.68+01",NULL
"8401584b-caab-462c-b632-89d418068916","9dc4b696-19fc-49e7-9d4d-d74432d2cf74","39136903-45de-406f-9183-3754df62ea9a","2025-07-31 06:13:50.68+01",NULL
"87f3d06e-9bbe-46fb-b82d-692ce4c1b95e","9dc4b696-19fc-49e7-9d4d-d74432d2cf74","8da1ffd2-b839-4003-8b7e-77ccb9267de3","2025-07-31 06:13:50.68+01",NULL
"8b498985-4865-44ac-9b10-d2d174f91203","26da9755-59bc-43d5-93c0-6d8a96878f09","77d38fb6-cb59-4df3-b7d5-65f741030330","2025-08-08 19:36:28.782+01",NULL
"8b64b437-7ac9-4f0c-9c73-ffa4c0cb9aaa","26da9755-59bc-43d5-93c0-6d8a96878f09","2d972a7a-976d-4515-a0bc-2ad0f361d307","2025-08-08 19:36:28.782+01",NULL
"921649c7-1c28-47c5-a1d7-f015c17720bd","26da9755-59bc-43d5-93c0-6d8a96878f09","621e2c26-67f3-4479-8f70-17d6bf468c26","2025-08-08 19:36:28.782+01",NULL
"999dc772-6691-4445-8dad-4b52d629886e","583bd455-db37-43e5-a626-a4305144e7b4","8200be89-87a1-4b5c-b031-b865d56424cb","2025-08-02 18:16:34.932+01",NULL
"99c5a6b4-b8cc-46a7-a090-9734d5cec186","26da9755-59bc-43d5-93c0-6d8a96878f09","ed37e647-2977-4e47-88fb-0d19d5cdb393","2025-08-08 19:36:28.782+01",NULL
"9b135b03-3052-4b5c-a291-7b2789b71adf","26da9755-59bc-43d5-93c0-6d8a96878f09","8da1ffd2-b839-4003-8b7e-77ccb9267de3","2025-08-08 19:36:28.782+01",NULL
"9c1d34dc-e3c4-4a46-a962-393ec1335773","583bd455-db37-43e5-a626-a4305144e7b4","621e2c26-67f3-4479-8f70-17d6bf468c26","2025-08-02 18:16:34.932+01",NULL
"9e617b72-5d11-4917-b2d3-2a82413560d6","26da9755-59bc-43d5-93c0-6d8a96878f09","39136903-45de-406f-9183-3754df62ea9a","2025-08-08 19:36:28.782+01",NULL
"a023130e-b4de-44a1-bae6-c06722b27ce3","9dc4b696-19fc-49e7-9d4d-d74432d2cf74","61f5113d-1ec6-41c3-bdda-347710b4c286","2025-07-31 06:13:50.68+01",NULL
"a0b686e9-2be2-48d3-a9f1-7bdf2746271b","26da9755-59bc-43d5-93c0-6d8a96878f09","370fc43c-1cb1-4bbb-be77-9c106efef484","2025-08-08 19:36:28.782+01",NULL
"a2f59833-79a8-482d-8c92-a84e4bde16c5","583bd455-db37-43e5-a626-a4305144e7b4","39136903-45de-406f-9183-3754df62ea9a","2025-08-02 18:16:34.932+01",NULL
"a55a7678-9684-498f-8167-e25d8bb78ce6","26da9755-59bc-43d5-93c0-6d8a96878f09","f48b18a0-4398-4dab-b315-1d5b9b315b5b","2025-08-08 19:36:28.782+01",NULL
"a7c9162a-874a-48b4-a723-3296d7599f32","26da9755-59bc-43d5-93c0-6d8a96878f09","32fae31e-bfb8-428b-b4e2-ea8bed62a752","2025-08-08 19:36:28.782+01",NULL
"abf19812-b907-4715-903f-aa6216406074","583bd455-db37-43e5-a626-a4305144e7b4","370fc43c-1cb1-4bbb-be77-9c106efef484","2025-08-02 18:16:34.932+01",NULL
"ad441a82-0786-472b-9c5f-e34b25622e28","26da9755-59bc-43d5-93c0-6d8a96878f09","b2b85b18-ab7f-485d-875d-3d02d1836c5f","2025-08-08 19:36:28.782+01",NULL
"ad54b315-8c91-438f-8abf-ed613f60730a","26da9755-59bc-43d5-93c0-6d8a96878f09","f4322f20-02ce-4554-b61b-1c8b37f0e6e7","2025-08-08 19:36:28.782+01",NULL
"ada1ac37-d09c-4e59-8697-627af15d3ac0","9dc4b696-19fc-49e7-9d4d-d74432d2cf74","be0c0179-c4c9-4e66-9a0d-675de83b3d1a","2025-07-31 06:13:50.68+01",NULL
"afd535d6-99cc-4526-a316-1d1268ff3226","583bd455-db37-43e5-a626-a4305144e7b4","8da1ffd2-b839-4003-8b7e-77ccb9267de3","2025-08-02 18:16:34.932+01",NULL
"b2248fbf-90d9-4a60-b1ec-a349e86c9c41","26da9755-59bc-43d5-93c0-6d8a96878f09","b97a66dd-6b21-49a2-b07a-469548bfc208","2025-08-08 19:36:28.782+01",NULL
"b2514ef1-2bfb-44ca-8375-dcb72af18bdf","26da9755-59bc-43d5-93c0-6d8a96878f09","3526b1b6-1046-4059-abde-e9188d3acb4c","2025-08-08 19:36:28.782+01",NULL
"b39dac6c-634c-4238-99a1-f63fe12006fd","26da9755-59bc-43d5-93c0-6d8a96878f09","61f5113d-1ec6-41c3-bdda-347710b4c286","2025-08-08 19:36:28.782+01",NULL
"b54b5c63-a0b7-484a-abdf-109fce49a91d","9dc4b696-19fc-49e7-9d4d-d74432d2cf74","9560537b-8c22-4ad4-ad3a-703293c91260","2025-07-31 06:13:50.68+01",NULL
"b797f9c7-3987-4872-9f7c-51481c8c6b10","9dc4b696-19fc-49e7-9d4d-d74432d2cf74","c42f8e7c-8b97-416a-94c0-6c44568eccb7","2025-07-31 06:13:50.68+01",NULL
"b8bc14b0-3320-4e1d-b826-4230f4078bbd","26da9755-59bc-43d5-93c0-6d8a96878f09","c45319a6-9379-487b-915f-5d69d8e3cd58","2025-08-08 19:36:28.782+01",NULL
"b8e40610-acb9-4460-bdb3-a2e73e552fa8","26da9755-59bc-43d5-93c0-6d8a96878f09","c28dcaaa-f2d2-4d49-aa9f-e72e2758e6ae","2025-08-08 19:36:28.782+01",NULL
"b8f3cf80-b293-4efd-8029-278fb11d6f40","583bd455-db37-43e5-a626-a4305144e7b4","e21b9376-03ba-4651-93b1-7a3a908b0d40","2025-08-02 18:16:34.932+01",NULL
"ba821cf5-fd09-4f68-b245-271c1194d729","7ca82e25-9ca2-46a8-8a2b-f68e71a17c28","eaabbfb0-b80d-465e-bcdd-d8115b3f942a","2025-08-11 16:15:51.594+01",NULL
"bc301240-aa55-441d-b918-718a4084e556","26da9755-59bc-43d5-93c0-6d8a96878f09","9560537b-8c22-4ad4-ad3a-703293c91260","2025-08-08 19:36:28.782+01",NULL
"bf3f3893-40fd-4876-8d02-846995b6ced1","583bd455-db37-43e5-a626-a4305144e7b4","6f05c0f4-522b-44e8-97b5-2c303888e990","2025-08-02 18:16:34.932+01",NULL
"c2379e1a-0ab3-4307-bb61-bf4c8b48d49e","26da9755-59bc-43d5-93c0-6d8a96878f09","927ea639-5f21-48f7-93bc-09929c9fc5f1","2025-08-08 19:36:28.782+01",NULL
"cad80103-2ec2-47f8-a4ea-30a9e9bc4dfa","583bd455-db37-43e5-a626-a4305144e7b4","63768226-fc74-425c-9e11-2285e2a3d51d","2025-08-02 18:16:34.932+01",NULL
"cf867212-042a-4f5c-8996-f7bfe0495a7b","26da9755-59bc-43d5-93c0-6d8a96878f09","79c124dd-371c-448d-a8d1-54a9a43b67d4","2025-08-08 19:36:28.782+01",NULL
"d0932569-6dff-42b8-8c0a-1267826584b9","26da9755-59bc-43d5-93c0-6d8a96878f09","ed009b99-f1c6-4c20-8833-20504f2752a2","2025-08-08 19:36:28.782+01",NULL
"d0fde876-7675-4b2f-b7f2-fc025699dd78","583bd455-db37-43e5-a626-a4305144e7b4","98405ad3-ada8-4a2e-aa21-9416d05b5541","2025-08-02 18:16:34.932+01",NULL
"d10bbaab-48b0-4bac-b8ed-2e92271d55c5","26da9755-59bc-43d5-93c0-6d8a96878f09","81938305-7893-44ac-977a-961ddcba265a","2025-08-08 19:36:28.782+01",NULL
"d1307dc1-aff6-4f87-9058-49b86896030a","26da9755-59bc-43d5-93c0-6d8a96878f09","f38d983e-1ec1-4a4a-bfa3-220dd3b61d4a","2025-08-08 19:36:28.782+01",NULL
"d5cae326-871b-43e3-a70d-68f8671818b6","26da9755-59bc-43d5-93c0-6d8a96878f09","be0c0179-c4c9-4e66-9a0d-675de83b3d1a","2025-08-08 19:36:28.782+01",NULL
"d7bfa3af-50cc-41ab-876c-0469cfd0a9a2","26da9755-59bc-43d5-93c0-6d8a96878f09","1d4f63e2-02ed-44d1-b307-4b4b621925d9","2025-08-08 19:36:28.782+01",NULL
"da073e30-20eb-4b48-9b8b-47295262e001","583bd455-db37-43e5-a626-a4305144e7b4","51c06227-2a0c-4836-8aa9-1ca3d80436e3","2025-08-02 18:16:34.932+01",NULL
"da16ebcf-3860-4235-bf30-39dae89d2b5d","9dc4b696-19fc-49e7-9d4d-d74432d2cf74","3a661a57-04be-42e6-81f5-f14bcb393f0c","2025-07-31 06:13:50.68+01",NULL
"e1159d71-1b20-4b6c-8ee9-3ffe03d800bc","583bd455-db37-43e5-a626-a4305144e7b4","320990e9-146c-4406-966b-c85644835723","2025-08-02 18:16:34.932+01",NULL
"e29cbdd1-08fd-42ca-b9dd-b7fc506e9179","26da9755-59bc-43d5-93c0-6d8a96878f09","8fff3cde-31b0-4ab6-8940-e8443d87ecb8","2025-08-08 19:36:28.782+01",NULL
"e608b480-05ad-476e-ab48-7ba3ff3d3009","583bd455-db37-43e5-a626-a4305144e7b4","927ea639-5f21-48f7-93bc-09929c9fc5f1","2025-08-02 18:16:34.932+01",NULL
"e6a4cbc3-45d8-40a4-bef4-1a7f5dc92c70","26da9755-59bc-43d5-93c0-6d8a96878f09","3d21aaae-64b7-4313-a3d8-01b7f2744f77","2025-08-08 19:36:28.782+01",NULL
"eec4e72e-b6b5-4b40-8ada-92fe7c13fb7f","26da9755-59bc-43d5-93c0-6d8a96878f09","0fe8b316-d158-4ae8-b105-c915b89d316e","2025-08-08 19:36:28.782+01",NULL
"f0516e60-48b8-4fd7-88f5-6243562537e9","26da9755-59bc-43d5-93c0-6d8a96878f09","2e10a351-292f-4b8e-8a7d-cc77b0a9564c","2025-08-08 19:36:28.782+01",NULL
"f2f637a8-99e6-4747-a3f2-fed6e7571039","583bd455-db37-43e5-a626-a4305144e7b4","79c124dd-371c-448d-a8d1-54a9a43b67d4","2025-08-02 18:16:34.932+01",NULL
"f384c7af-6155-4685-9073-1df9e1f014cb","583bd455-db37-43e5-a626-a4305144e7b4","23477590-0378-431e-9122-ebbd78bbde10","2025-08-02 18:16:34.932+01",NULL
"f425eaed-4779-4175-bc05-52611bdfb90b","26da9755-59bc-43d5-93c0-6d8a96878f09","e7ba654a-1ffe-4c29-b21c-80b5420ab8fe","2025-08-08 19:36:28.782+01",NULL
"f9500d78-c4b3-45df-aecc-6915418a1cda","26da9755-59bc-43d5-93c0-6d8a96878f09","98fd2fb7-e476-4fcb-8673-3d76ee0cb4f0","2025-08-08 19:36:28.782+01",NULL
"f9792cbc-752d-4e7f-ae2f-be6c841cd0e4","583bd455-db37-43e5-a626-a4305144e7b4","0fe8b316-d158-4ae8-b105-c915b89d316e","2025-08-02 18:16:34.932+01",NULL
"fa9c34fc-078f-46ea-8f79-30aa337c4685","583bd455-db37-43e5-a626-a4305144e7b4","61f5113d-1ec6-41c3-bdda-347710b4c286","2025-08-02 18:16:34.932+01",NULL
"faa2f241-96f7-4743-9bd3-9f9630745cf8","583bd455-db37-43e5-a626-a4305144e7b4","be0c0179-c4c9-4e66-9a0d-675de83b3d1a","2025-08-02 18:16:34.932+01",NULL
"ffd97e82-7cd1-4ad0-bdac-0010bc02b2cb","7fbecf54-0c46-405d-8f26-8d0c134e3fd6","3a1c536a-6c57-4ad7-840c-760b97ae553f","2025-08-08 18:57:49.311+01",NULL
